10022,1057,1ST,AVE
10022,1059,1ST,AVE
10022,1061,1ST,AVE
10022,1069,1ST,AVE
10022,1073,1ST,AVE
10022,1075,1ST,AVE
10022,903,1ST,AVE
10022,905,1ST,AVE
10022,947 TO 949,1ST,AVE
10022,951,1ST,AVE
10022,971,1ST,AVE
10022,984 TO 990,1ST,AVE
10022,987,1ST,AVE
10022,1007,2ND,AVE
10022,1026,2ND,AVE
10022,1028,2ND,AVE
10022,1055,2ND,AVE
10022,1057,2ND,AVE
10022,1095,2ND,AVE
10022,928,2ND,AVE
10022,930,2ND,AVE
10022,954,2ND,AVE
10022,959,2ND,AVE
10022,961,2ND,AVE
10022,973,2ND,AVE
10022,978,2ND,AVE
10022,916 TO 918,3RD,AVE
10022,922,3RD,AVE
10022,924,3RD,AVE
10022,20,BEEKMAN,PL
10022,135,E 50TH,ST
10022,155,E 50TH,ST
10022,227,E 50TH,ST
10022,231,E 50TH,ST
10022,234,E 50TH,ST
10022,235,E 50TH,ST
10022,238,E 50TH,ST
10022,242,E 50TH,ST
10022,248,E 50TH,ST
10022,250,E 50TH,ST
10022,300,E 50TH,ST
10022,302,E 50TH,ST
10022,311,E 50TH,ST
10022,319,E 50TH,ST
10022,320,E 50TH,ST
10022,342,E 50TH,ST
10022,348,E 50TH,ST
10022,350,E 50TH,ST
10022,355,E 50TH,ST
10022,357,E 50TH,ST
10022,360,E 50TH,ST
10022,361,E 50TH,ST
10022,400,E 50TH,ST
10022,401,E 50TH,ST
10022,412,E 50TH,ST
10022,421,E 50TH,ST
10022,214,E 51ST,ST
10022,222,E 51ST,ST
10022,230,E 51ST,ST
10022,235 TO 237,E 51ST,ST
10022,246 TO 248,E 51ST,ST
10022,251,E 51ST,ST
10022,300,E 51ST,ST
10022,315,E 51ST,ST
10022,335,E 51ST,ST
10022,340,E 51ST,ST
10022,343,E 51ST,ST
10022,346,E 51ST,ST
10022,347,E 51ST,ST
10022,349,E 51ST,ST
10022,350,E 51ST,ST
10022,352,E 51ST,ST
10022,354,E 51ST,ST
10022,405,E 51ST,ST
10022,429 TO 433,E 51ST,ST
10022,5,E 51ST,ST
10022,140,E 52ND,ST
10022,155,E 52ND,ST
10022,220,E 52ND,ST
10022,230,E 52ND,ST
10022,234,E 52ND,ST
10022,240,E 52ND,ST
10022,247,E 52ND,ST
10022,249,E 52ND,
10022,251 TO 253,E 52ND,
10022,311,E 52ND,
10022,320,E 52ND,
10022,321,E 52ND,
10022,328,E 52ND,
10022,330,E 52ND,
10022,331,E 52ND,
10022,340,E 52ND,
10022,350,E 52ND,
10022,397,E 52ND,
10022,398,E 52ND,
10022,400,E 52ND,
10022,404 TO 415,E 52ND,
10022,414,E 52ND,
10022,429,E 52ND,
10022,432 TO 438,E 52ND,
10022,211,E 53RD,
10022,229,E 53RD,
10022,231,E 53RD,
10022,232,E 53RD,
10022,239,E 53RD,
10022,246,E 53RD,
10022,249,E 53RD,
10022,313,E 53RD,
10022,319,E 53RD,
10022,320,E 53RD,
10022,328,E 53RD,
10022,332,E 53RD,
10022,334,E 53RD,
10022,338,E 53RD,
10022,340,E 53RD,
10022,342,E 53RD,
10022,350,E 53RD,
10022,353,E 53RD,
10022,400,E 53RD,
10022,411,E 53RD,
10022,135,E 54TH,
10022,220,E 54TH,
10022,245,E 54TH,
10022,307 TO 309,E 54TH,
10022,315,E 54TH,
10022,320,E 54TH,
10022,325,E 54TH,
10022,327,E 54TH,
10022,330,E 54TH,
10022,333,E 54TH,
10022,334,E 54TH,
10022,337,E 54TH,
10022,345,E 54TH,
10022,350,E 54TH,
10022,351,E 54TH,
10022,353,E 54TH,
10022,410 TO 422,E 54TH,
10022,136,E 55TH,
10022,141,E 55TH,
10022,155,E 55TH,
10022,159,E 55TH,
10022,160,E 55TH,
10022,161,E 55TH,
10022,162,E 55TH,
10022,240,E 55TH,
10022,310,E 55TH,
10022,316,E 55TH,
10022,322,E 55TH,
10022,328,E 55TH,
10022,334,E 55TH,
10022,336,E 55TH,
10022,340,E 55TH,
10022,342,E 55TH,
10022,344,E 55TH,
10022,352,E 55TH,
10022,360,E 55TH,
10022,400,E 55TH,
10022,412,E 55TH,
10022,420,E 55TH,
10022,136,E 56TH,
10022,140,E 56TH,
10022,141 TO 153,E 56TH,
10022,150,E 56TH,
10022,166,E 56TH,
10022,222 TO 226,E 56TH,
10022,300,E 56TH,
10022,301,E 56TH,
10022,305,E 56TH,
10022,315,E 56TH,
10022,333,E 56TH,
10022,345,E 56TH,
10022,405,E 56TH,
10022,130,E 57TH,
10022,153,E 57TH,
10022,157,E 57TH,
10022,220,E 57TH,
10022,227,E 57TH,
10022,235,E 57TH,
10022,245,E 57TH,
10022,249,E 57TH,
10022,300,E 57TH,
10022,315,E 57TH,
10022,325,E 57TH,
10022,339,E 57TH,
10022,340,E 57TH,
10022,356,E 57TH,
10022,357,E 57TH,
10022,400,E 57TH,
10022,417,E 57TH,
10022,419,E 57TH,
10022,440,E 57TH,
10022,16,E 58TH,
10022,200,E 58TH,
10022,210,E 58TH,
10022,223,E 58TH,
10022,231,E 58TH,
10022,237,E 58TH,
10022,238,E 58TH,
10022,241,E 58TH,
10022,320,E 58TH,
10022,326,E 58TH,
10022,329,E 58TH,
10022,330,E 58TH,
10022,333,E 58TH,
10022,335,E 58TH,
10022,337 TO 343,E 58TH,
10022,340,E 58TH,
10022,345,E 58TH,
10022,347,E 58TH,
10022,348,E 58TH,
10022,349,E 58TH,
10022,350,E 58TH,
10022,351,E 58TH,
10022,400,E 58TH,
10022,401,E 58TH,
10022,414,E 58TH,
10022,422,E 58TH,
10022,425,E 58TH,
10022,426,E 58TH,
10022,434,E 58TH,
10022,436,E 58TH,
10022,440,E 58TH,
10022,209,E 59TH,
10022,213,E 59TH,
10022,217,E 59TH,
10022,224,E 59TH,
10022,226,E 59TH,
10022,227,E 59TH,
10022,233,E 59TH,
10022,237,E 59TH,
10022,243,E 59TH,
10022,318,E 59TH,
10022,320,E 59TH,
10022,322,E 59TH,
10022,324,E 59TH,
10022,328,E 59TH,
10022,346,E 59TH,
10022,400,E 59TH,
10022,115,E 60TH,
10022,117,E 60TH,
10022,119,E 60TH,
10022,127,E 60TH,
10022,129,E 60TH,
10022,209,E 60TH,
10022,211,E 60TH,
10022,215 TO 217,E 60TH,ST
10022,221,E 60TH,ST
10022,227,E 60TH,ST
10022,235,E 60TH,ST
10022,237,E 60TH,ST
10022,244,E 60TH,ST
10022,248 TO 250,E 60TH,ST
10022,26 TO 36,E 60TH,ST
10022,301,E 60TH,ST
10022,309,E 60TH,ST
10022,311,E 60TH,ST
10022,313,E 60TH,ST
10022,345,E 60TH,ST
10022,347,E 60TH,ST
10022,349,E 60TH,ST
10022,35,E 60TH,ST
10022,36,E 60TH,ST
10022,37,E 60TH,ST
10022,39,E 60TH,ST
10022,665,LEXINGTON,AVE
10022,502,PARK,AVE
10017,865,1ST,
10017,763 TO 765,2ND,
10017,686 TO 688,3RD,
10017,690,3RD,
10017,304,E 41ST,
10017,318 TO 324,E 41ST,
10017,202 TO 204,E 42ND,
10017,312 TO 324,E 42ND,
10017,151,E 43RD,
10017,153,E 43RD,
10017,315 TO 323,E 43RD,
10017,328 TO 334,E 43RD,
10017,333,E 43RD,
10017,148 TO 158,E 44TH,
10017,230,E 44TH,
10017,279,E 44TH,
10017,307,E 44TH,
10017,308 TO 320,E 44TH,
10017,132,E 45TH,
10017,133,E 45TH,
10017,213,E 45TH,
10017,246,E 45TH,
10017,251,E 45TH,
10017,301,E 45TH,
10017,321,E 45TH,
10017,333,E 45TH,
10017,140,E 46TH,
10017,146,E 46TH,
10017,150,E 46TH,
10017,225,E 46TH,
10017,228 TO 230,E 46TH,
10017,235,E 46TH,
10017,240,E 46TH,
10017,241,E 46TH,
10017,244,E 46TH,
10017,246,E 46TH,
10017,300,E 46TH,
10017,303,E 46TH,
10017,310,E 46TH,
10017,320,E 46TH,
10017,330,E 46TH,
10017,333,E 46TH,
10017,212 TO 214,E 47TH,
10017,225,E 47TH,
10017,301,E 47TH,
10017,160,E 48TH,
10017,224 TO 226,E 48TH,
10017,230,E 48TH,
10017,249,E 48TH,
10017,301,E 48TH,ST
10017,321,E 48TH,ST
10017,324,E 48TH,ST
10017,325,E 48TH,ST
10017,328,E 48TH,ST
10017,330,E 48TH,ST
10017,8,E 48TH,ST
10017,146,E 49TH,ST
10017,220,E 49TH,ST
10017,225 TO 227,E 49TH,ST
10017,253,E 49TH,ST
10017,300,E 49TH,ST
10017,301,E 49TH,ST
10017,302,E 49TH,ST
10017,306,E 49TH,ST
10017,308,E 49TH,ST
10017,310,E 49TH,ST
10017,316,E 49TH,ST
10017,320,E 49TH,ST
10017,330,E 49TH,ST
10017,333,E 49TH,ST
10017,337 TO 339,E 49TH,ST
10017,340,E 49TH,ST
10017,342,E 49TH,ST
10017,346,E 49TH,ST
10017,465,LEXINGTON,AVE
10017,423,MADISON,AVE
10017,1 TO 19,TUDOR CITY,PL
10017,2 TO 20,TUDOR CITY,PL
10017,25,TUDOR CITY,PL
10017,45 TO 67,TUDOR CITY,PL
10016,587,1ST,AVE
10016,589,1ST,AVE
10016,591,1ST,AVE
10016,489,2ND,AVE
10016,493,2ND,AVE
10016,519,2ND,AVE
10016,530,2ND,AVE
10016,555,2ND,AVE
10016,571,2ND,AVE
10016,575,2ND,AVE
10016,577,2ND,AVE
10016,605,2ND,AVE
10016,635,2ND,
10016,643,2ND,
10016,645,2ND,
10016,647,2ND,
10016,649 TO 653,2ND,
10016,655,2ND,
10016,696,2ND,
10016,711,2ND,
10016,718 TO 720,2ND,
10016,360,3RD,
10016,361,3RD,
10016,362,3RD,
10016,363,3RD,
10016,364,3RD,
10016,365,3RD,
10016,385 TO 387,3RD,
10016,396,3RD,
10016,398,3RD,
10016,400,3RD,
10016,438,3RD,
10016,441,3RD,
10016,442 TO 444,3RD,
10016,497,3RD,
10016,509 TO 511,3RD,
10016,517,3RD,
10016,533,3RD,
10016,535,3RD,
10016,551,3RD,
10016,553,3RD,
10016,569,3RD,
10016,571,3RD,
10016,590,3RD,
10016,591,3RD,
10016,592,3RD,
10016,275,5TH,
10016,309,5TH,
10016,115,E 27TH,
10016,122,E 27TH,
10016,124,E 27TH,
10016,126,E 27TH,
10016,131,E 27TH,
10016,139,E 27TH,
10016,142,E 27TH,
10016,145,E 27TH,
10016,160,E 27TH,
10016,200,E 27TH,
10016,203 TO 205,E 27TH,
10016,217,E 27TH,
10016,218,E 27TH,
10016,220,E 27TH,
10016,222,E 27TH,
10016,224,E 27TH,
10016,228,E 27TH,
10016,230 TO 232,E 27TH,
10016,235,E 27TH,
10016,240,E 27TH,
10016,136,E 28TH,
10016,137 TO 139,E 28TH,
10016,14,E 28TH,
10016,140,E 28TH,
10016,148 TO 150,E 28TH,
10016,160,E 28TH,
10016,200,E 28TH,
10016,201,E 28TH,
10016,216,E 28TH,
10016,219,E 28TH,
10016,221,E 28TH,
10016,223,E 28TH,
10016,225,E 28TH,
10016,227,E 28TH,
10016,236,E 28TH,
10016,237,E 28TH,
10016,239,E 28TH,
10016,240,E 28TH,
10016,242,E 28TH,
10016,244,E 28TH,
10016,247,E 28TH,
10016,4,E 28TH,
10016,50,E 28TH,
10016,10,E 29TH,
10016,128,E 29TH,
10016,129,E 29TH,
10016,137,E 29TH,
10016,145,E 29TH,
10016,154,E 29TH,
10016,155,E 29TH,
10016,207 TO 211,E 29TH,
10016,212,E 29TH,
10016,216,E 29TH,
10016,217,E 29TH,
10016,22,E 29TH,
10016,220,E 29TH,
10016,226,E 29TH,
10016,230 TO 232,E 29TH,
10016,231,E 29TH,
10016,28,E 29TH,
10016,29,E 29TH,
10016,315 TO 343,E 29TH,
10016,37,E 29TH,
10016,104,E 30TH,
10016,106,E 30TH,
10016,108,E 30TH,
10016,125,E 30TH,
10016,133 TO 135,E 30TH,
10016,136,E 30TH,
10016,137,E 30TH,
10016,139,E 30TH,
10016,143,E 30TH,
10016,145,E 30TH,
10016,147,E 30TH,
10016,148,E 30TH,
10016,150,E 30TH,
10016,151,E 30TH,
10016,2,E 30TH,
10016,200 TO 204,E 30TH,
10016,201,E 30TH,
10016,245,E 30TH,
10016,32,E 30TH,
10016,333 TO 343,E 30TH,
10016,336,E 30TH,
10016,35,E 30TH,
10016,41,E 30TH,
10016,100,E 31ST,
10016,102,E 31ST,
10016,111,E 31ST,
10016,113,E 31ST,
10016,116,E 31ST,
10016,118,E 31ST,
10016,12,E 31ST,
10016,120,E 31ST,
10016,121,E 31ST,
10016,127,E 31ST,
10016,138,E 31ST,
10016,140,E 31ST,
10016,15,E 31ST,
10016,208,E 31ST,
10016,210,E 31ST,
10016,211 TO 213,E 31ST,
10016,245,E 31ST,
10016,247,E 31ST,
10016,31,E 31ST,
10016,11 TO 13,E 32ND,
10016,204,E 32ND,
10016,206,E 32ND,
10016,214,E 32ND,
10016,219,E 32ND,
10016,220,E 32ND,
10016,221,E 32ND,
10016,223,E 32ND,
10016,230,E 32ND,
10016,233,E 32ND,
10016,234,E 32ND,
10016,240,E 32ND,
10016,248,E 32ND,
10016,251,E 32ND,
10016,7 TO 9,E 32ND,
10016,141,E 33RD,
10016,142,E 33RD,
10016,149,E 33RD,
10016,159,E 33RD,
10016,162,E 33RD,
10016,164,E 33RD,
10016,167,E 33RD,
10016,18,E 33RD,
10016,200,E 33RD,
10016,201,E 33RD,
10016,205,E 33RD,
10016,207 TO 209,E 33RD,
10016,211,E 33RD,
10016,217,E 33RD,
10016,221 TO 227,E 33RD,
10016,237,E 33RD,
10016,239,E 33RD,
10016,243,E 33RD,
10016,244,E 33RD,
10016,247,E 33RD,
10016,252,E 33RD,
10016,300 TO 350,E 33RD,
10016,331,E 33RD,
10016,333,E 33RD,
10016,335,E 33RD,
10016,337,E 33RD,
10016,339,E 33RD,
10016,341,E 33RD,
10016,345,E 33RD,
10016,347 TO 377,E 33RD,
10016,115 TO 125,E 34TH,
10016,120,E 34TH,
10016,155,E 34TH,
10016,208,E 34TH,
10016,210,E 34TH,
10016,212,E 34TH,
10016,213,E 34TH,
10016,222 TO 230,E 34TH,
10016,231,E 34TH,
10016,245,E 34TH,
10016,300,E 34TH,
10016,316,E 34TH,
10016,318,E 34TH,
10016,320,E 34TH,
10016,322,E 34TH,
10016,324,E 34TH,
10016,326,E 34TH,
10016,327,E 34TH,
10016,328,E 34TH,
10016,348,E 34TH,
10016,401,E 34TH,
10016,47,E 34TH,
10016,51,E 34TH,
10016,58,E 34TH,
10016,60,E 34TH,
10016,62 TO 64,E 34TH,
10016,1 TO 3,E 35TH,
10016,107,E 35TH,
10016,117,E 35TH,
10016,128,E 35TH,
10016,130,E 35TH,
10016,131,E 35TH,
10016,132,E 35TH,
10016,133,E 35TH,
10016,135,E 35TH,
10016,139,E 35TH,
10016,145,E 35TH,
10016,146,E 35TH,
10016,152,E 35TH,
10016,165,E 35TH,
10016,166,E 35TH,
10016,20,E 35TH,
10016,200,E 35TH,
10016,201,E 35TH,
10016,211,E 35TH,
10016,221 TO 223,E 35TH,
10016,222,E 35TH,
10016,225 TO 227,E 35TH,
10016,240,E 35TH,
10016,245,E 35TH,
10016,250,E 35TH,
10016,26 TO 30,E 35TH,
10016,32,E 35TH,
10016,320,E 35TH,
10016,324,E 35TH,
10016,35,E 35TH,
10016,110,E 36TH,
10016,120,E 36TH,
10016,127,E 36TH,
10016,145,E 36TH,
10016,15,E 36TH,
10016,161 TO 163,E 36TH,
10016,162,E 36TH,
10016,165,E 36TH,
10016,200,E 36TH,
10016,201,E 36TH,
10016,216,E 36TH,
10016,216R,E 36TH,
10016,22,E 36TH,
10016,220 TO 222,E 36TH,
10016,225,E 36TH,
10016,226,E 36TH,
10016,228,E 36TH,
10016,230 TO 236,E 36TH,
10016,238,E 36TH,
10016,36,E 36TH,
10016,4,E 36TH,
10016,6,E 36TH,
10016,104,E 37TH,
10016,107,E 37TH,
10016,109,E 37TH,
10016,110,E 37TH,
10016,112,E 37TH,
10016,114,E 37TH,
10016,117,E 37TH,
10016,120,E 37TH,
10016,121,E 37TH,
10016,138,E 37TH,
10016,149,E 37TH,
10016,153,E 37TH,
10016,154,E 37TH,
10016,155,E 37TH,
10016,156,E 37TH,
10016,162,E 37TH,
10016,164,E 37TH,
10016,19,E 37TH,
10016,207,E 37TH,
10016,25,E 37TH,
10016,26 TO 32,E 37TH,
10016,29,E 37TH,
10016,303,E 37TH,
10016,309 TO 311,E 37TH,
10016,108,E 38TH,
10016,111,E 38TH,
10016,137,E 38TH,
10016,138,E 38TH,
10016,151,E 38TH,
10016,155,E 38TH,
10016,160,E 38TH,
10016,201 TO 203,E 38TH,
10016,210,E 38TH,
10016,22,E 38TH,
10016,241,E 38TH,
10016,243,E 38TH,
10016,30,E 38TH,
10016,300,E 38TH,
10016,301,E 38TH,
10016,302,E 38TH,
10016,304,E 38TH,
10016,304.5,E 38TH,
10016,32,E 38TH,
10016,35,E 38TH,
10016,36,E 38TH,
10016,111,E 39TH,
10016,113,E 39TH,
10016,114,E 39TH,
10016,115,E 39TH,
10016,123,E 39TH,
10016,126,E 39TH,
10016,129,E 39TH,
10016,235,E 39TH,
10016,239,E 39TH,
10016,240,E 39TH,
10016,241,E 39TH,
10016,243,E 39TH,
10016,245,E 39TH,
10016,247,E 39TH,
10016,250,E 39TH,
10016,300 TO 314,E 39TH,ST
10016,330,E 39TH,ST
10016,114,E 40TH,ST
10016,140,E 40TH,ST
10016,232,E 40TH,ST
10016,242,E 40TH,ST
10016,245,E 40TH,ST
10016,300,E 40TH,ST
10016,305,E 40TH,ST
10016,100,LEXINGTON,AVE
10016,101,LEXINGTON,AVE
10016,102,LEXINGTON,AVE
10016,103,LEXINGTON,AVE
10016,104,LEXINGTON,AVE
10016,108,LEXINGTON,AVE
10016,115,LEXINGTON,AVE
10016,120,LEXINGTON,AVE
10016,122,LEXINGTON,AVE
10016,123,LEXINGTON,AVE
10016,125,LEXINGTON,AVE
10016,161,LEXINGTON,AVE
10016,171 TO 177,LEXINGTON,AVE
10016,231,LEXINGTON,AVE
10016,251,LEXINGTON,AVE
10016,264,LEXINGTON,AVE
10016,288,LEXINGTON,AVE
10016,305,LEXINGTON,AVE
10016,316,LEXINGTON,AVE
10016,329,LEXINGTON,AVE
10016,331,LEXINGTON,AVE
10016,338,LEXINGTON,AVE
10016,80 TO 88,LEXINGTON,AVE
10016,90 TO 98,LEXINGTON,AVE
10016,95,LEXINGTON,AVE
10016,97,LEXINGTON,AVE
10016,119 TO 125,MADISON,AVE
10016,128,MADISON,AVE
10016,159,MADISON,AVE
10016,160,MADISON,AVE
10016,175,MADISON,AVE
10016,177,MADISON,AVE
10016,179,MADISON,AVE
10016,220,MADISON,AVE
10016,244,MADISON,AVE
10016,66,MADISON,AVE
10016,15,PARK,AVE
10016,16,PARK,AVE
10016,17 TO 19,PARK,AVE
10016,20,PARK,AVE
10016,30,PARK,AVE
10016,4,PARK,AVE
10016,40,PARK,AVE
10016,41,PARK,AVE
10016,411 TO 413,PARK,AVE S
10016,455 TO 457,PARK,
10016,49,PARK,
10016,7,PARK,
10016,71,PARK,
10016,80,PARK,
