10001,244,10TH,AVE
10016,587,1ST,AVE
10016,589,1ST,AVE
10016,591,1ST,AVE
10016,489,2ND,AVE
10016,493,2ND,AVE
10016,519,2ND,AVE
10016,530,2ND,AVE
10016,555,2ND,AVE
10016,571,2ND,AVE
10016,575,2ND,AVE
10016,577,2ND,AVE
10016,605,2ND,AVE
10016,635,2ND,AVE
10016,643,2ND,AVE
10016,645,2ND,AVE
10016,647,2ND,AVE
10016,649 TO 653,2ND,AVE
10016,655,2ND,AVE
10016,696,2ND,AVE
10016,711,2ND,AVE
10016,718 TO 720,2ND,AVE
10016,360,3RD,AVE
10016,361,3RD,AVE
10016,362,3RD,AVE
10016,363,3RD,AVE
10016,364,3RD,AVE
10016,365,3RD,AVE
10016,385 TO 387,3RD,AVE
10016,396,3RD,AVE
10016,398,3RD,AVE
10016,400,3RD,AVE
10016,438,3RD,AVE
10016,441,3RD,AVE
10016,442 TO 444,3RD,AVE
10016,497,3RD,AVE
10016,509 TO 511,3RD,AVE
10016,517,3RD,AVE
10016,533,3RD,AVE
10016,535,3RD,AVE
10016,551,3RD,AVE
10016,553,3RD,AVE
10016,569,3RD,AVE
10016,571,3RD,AVE
10016,590,3RD,AVE
10016,591,3RD,AVE
10016,592,3RD,AVE
10016,275,5TH,AVE
10016,309,5TH,AVE
10016,115,E 27TH,ST
10016,122,E 27TH,ST
10016,124,E 27TH,ST
10016,126,E 27TH,ST
10016,131,E 27TH,ST
10016,139,E 27TH,ST
10016,142,E 27TH,ST
10016,145,E 27TH,ST
10016,160,E 27TH,ST
10016,200,E 27TH,ST
10016,203 TO 205,E 27TH,ST
10016,217,E 27TH,ST
10016,218,E 27TH,ST
10016,220,E 27TH,ST
10016,222,E 27TH,ST
10016,224,E 27TH,ST
10016,228,E 27TH,ST
10016,230 TO 232,E 27TH,ST
10016,235,E 27TH,ST
10016,240,E 27TH,ST
10016,136,E 28TH,ST
10016,137 TO 139,E 28TH,ST
10016,14,E 28TH,ST
10016,140,E 28TH,ST
10016,148 TO 150,E 28TH,ST
10016,160,E 28TH,ST
10016,200,E 28TH,ST
10016,201,E 28TH,ST
10016,216,E 28TH,ST
10016,219,E 28TH,ST
10016,221,E 28TH,ST
10016,223,E 28TH,ST
10016,225,E 28TH,ST
10016,227,E 28TH,ST
10016,236,E 28TH,ST
10016,237,E 28TH,ST
10016,239,E 28TH,ST
10016,240,E 28TH,ST
10016,242,E 28TH,ST
10016,244,E 28TH,ST
10016,247,E 28TH,ST
10016,4,E 28TH,ST
10016,50,E 28TH,ST
10016,10,E 29TH,ST
10016,128,E 29TH,ST
10016,129,E 29TH,ST
10016,137,E 29TH,ST
10016,145,E 29TH,ST
10016,154,E 29TH,ST
10016,155,E 29TH,ST
10016,207 TO 211,E 29TH,ST
10016,212,E 29TH,ST
10016,216,E 29TH,ST
10016,217,E 29TH,ST
10016,22,E 29TH,ST
10016,220,E 29TH,ST
10016,226,E 29TH,ST
10016,230 TO 232,E 29TH,ST
10016,231,E 29TH,ST
10016,28,E 29TH,ST
10016,29,E 29TH,ST
10016,315 TO 343,E 29TH,ST
10016,37,E 29TH,ST
10016,104,E 30TH,ST
10016,106,E 30TH,ST
10016,108,E 30TH,ST
10016,125,E 30TH,ST
10016,133 TO 135,E 30TH,ST
10016,136,E 30TH,ST
10016,137,E 30TH,ST
10016,139,E 30TH,ST
10016,143,E 30TH,ST
10016,145,E 30TH,ST
10016,147,E 30TH,ST
10016,148,E 30TH,ST
10016,150,E 30TH,ST
10016,151,E 30TH,ST
10016,2,E 30TH,ST
10016,200 TO 204,E 30TH,ST
10016,201,E 30TH,ST
10016,245,E 30TH,ST
10016,32,E 30TH,ST
10016,333 TO 343,E 30TH,ST
10016,336,E 30TH,ST
10016,35,E 30TH,ST
10016,41,E 30TH,ST
10016,100,E 31ST,ST
10016,102,E 31ST,ST
10016,111,E 31ST,ST
10016,113,E 31ST,ST
10016,116,E 31ST,ST
10016,118,E 31ST,ST
10016,12,E 31ST,ST
10016,120,E 31ST,ST
10016,121,E 31ST,ST
10016,127,E 31ST,ST
10016,138,E 31ST,ST
10016,140,E 31ST,ST
10016,15,E 31ST,ST
10016,208,E 31ST,ST
10016,210,E 31ST,ST
10016,211 TO 213,E 31ST,ST
10016,245,E 31ST,ST
10016,247,E 31ST,ST
10016,31,E 31ST,ST
10016,11 TO 13,E 32ND,ST
10016,204,E 32ND,ST
10016,206,E 32ND,ST
10016,214,E 32ND,ST
10016,219,E 32ND,ST
10016,220,E 32ND,ST
10016,221,E 32ND,ST
10016,223,E 32ND,ST
10016,230,E 32ND,ST
10016,233,E 32ND,ST
10016,234,E 32ND,ST
10016,240,E 32ND,ST
10016,248,E 32ND,ST
10016,251,E 32ND,ST
10016,7 TO 9,E 32ND,ST
10016,141,E 33RD,ST
10016,142,E 33RD,ST
10016,149,E 33RD,ST
10016,159,E 33RD,ST
10016,162,E 33RD,ST
10016,164,E 33RD,ST
10016,167,E 33RD,ST
10016,18,E 33RD,ST
10016,200,E 33RD,ST
10016,201,E 33RD,ST
10016,205,E 33RD,ST
10016,207 TO 209,E 33RD,ST
10016,211,E 33RD,ST
10016,217,E 33RD,ST
10016,221 TO 227,E 33RD,ST
10016,237,E 33RD,ST
10016,239,E 33RD,ST
10016,243,E 33RD,ST
10016,244,E 33RD,ST
10016,247,E 33RD,ST
10016,252,E 33RD,ST
10016,300 TO 350,E 33RD,ST
10016,331,E 33RD,ST
10016,333,E 33RD,ST
10016,335,E 33RD,ST
10016,337,E 33RD,ST
10016,339,E 33RD,ST
10016,341,E 33RD,ST
10016,345,E 33RD,ST
10016,347 TO 377,E 33RD,ST
10016,115 TO 125,E 34TH,ST
10016,120,E 34TH,ST
10016,155,E 34TH,ST
10016,208,E 34TH,ST
10016,210,E 34TH,ST
10016,212,E 34TH,ST
10016,213,E 34TH,ST
10016,222 TO 230,E 34TH,ST
10016,231,E 34TH,ST
10016,245,E 34TH,ST
10016,300,E 34TH,ST
10016,316,E 34TH,ST
10016,318,E 34TH,ST
10016,320,E 34TH,ST
10016,322,E 34TH,ST
10016,324,E 34TH,ST
10016,326,E 34TH,ST
10016,327,E 34TH,ST
10016,328,E 34TH,ST
10016,348,E 34TH,ST
10016,401,E 34TH,ST
10016,47,E 34TH,ST
10016,51,E 34TH,ST
10016,58,E 34TH,ST
10016,60,E 34TH,ST
10016,62 TO 64,E 34TH,ST
10016,1 TO 3,E 35TH,ST
10016,107,E 35TH,ST
10016,117,E 35TH,ST
10016,128,E 35TH,ST
10016,130,E 35TH,ST
10016,131,E 35TH,ST
10016,132,E 35TH,ST
10016,133,E 35TH,ST
10016,135,E 35TH,ST
10016,139,E 35TH,ST
10016,145,E 35TH,ST
10016,146,E 35TH,ST
10016,152,E 35TH,ST
10016,165,E 35TH,ST
10016,166,E 35TH,ST
10016,20,E 35TH,ST
10016,200,E 35TH,ST
10016,201,E 35TH,ST
10016,211,E 35TH,ST
10016,221 TO 223,E 35TH,ST
10016,222,E 35TH,ST
10016,225 TO 227,E 35TH,ST
10016,240,E 35TH,ST
10016,245,E 35TH,ST
10016,250,E 35TH,ST
10016,26 TO 30,E 35TH,ST
10016,32,E 35TH,ST
10016,320,E 35TH,ST
10016,324,E 35TH,ST
10016,35,E 35TH,ST
10016,110,E 36TH,ST
10016,120,E 36TH,ST
10016,127,E 36TH,ST
10016,145,E 36TH,ST
10016,15,E 36TH,ST
10016,161 TO 163,E 36TH,ST
10016,162,E 36TH,ST
10016,165,E 36TH,ST
10016,200,E 36TH,ST
10016,201,E 36TH,ST
10016,216,E 36TH,ST
10016,216R,E 36TH,ST
10016,22,E 36TH,ST
10016,220 TO 222,E 36TH,ST
10016,225,E 36TH,ST
10016,226,E 36TH,ST
10016,228,E 36TH,ST
10016,230 TO 236,E 36TH,ST
10016,238,E 36TH,ST
10016,36,E 36TH,ST
10016,4,E 36TH,ST
10016,6,E 36TH,ST
10016,104,E 37TH,ST
10016,107,E 37TH,ST
10016,109,E 37TH,ST
10016,110,E 37TH,ST
10016,112,E 37TH,ST
10016,114,E 37TH,ST
10016,117,E 37TH,ST
10016,120,E 37TH,ST
10016,121,E 37TH,ST
10016,138,E 37TH,ST
10016,149,E 37TH,ST
10016,153,E 37TH,ST
10016,154,E 37TH,ST
10016,155,E 37TH,ST
10016,156,E 37TH,ST
10016,162,E 37TH,ST
10016,164,E 37TH,ST
10016,19,E 37TH,ST
10016,207,E 37TH,ST
10016,25,E 37TH,ST
10016,26 TO 32,E 37TH,ST
10016,29,E 37TH,ST
10016,303,E 37TH,ST
10016,309 TO 311,E 37TH,ST
10016,108,E 38TH,ST
10016,111,E 38TH,ST
10016,137,E 38TH,ST
10016,138,E 38TH,ST
10016,151,E 38TH,ST
10016,155,E 38TH,ST
10016,160,E 38TH,ST
10016,201 TO 203,E 38TH,ST
10016,210,E 38TH,ST
10016,22,E 38TH,ST
10016,241,E 38TH,ST
10016,243,E 38TH,ST
10016,30,E 38TH,ST
10016,300,E 38TH,ST
10016,301,E 38TH,ST
10016,302,E 38TH,ST
10016,304,E 38TH,ST
10016,304 1/2,E 38TH,ST
10016,32,E 38TH,ST
10016,35,E 38TH,ST
10016,36,E 38TH,ST
10016,111,E 39TH,ST
10016,113,E 39TH,ST
10016,114,E 39TH,ST
10016,115,E 39TH,ST
10016,123,E 39TH,ST
10016,126,E 39TH,ST
10016,129,E 39TH,ST
10016,235,E 39TH,ST
10016,239,E 39TH,ST
10016,240,E 39TH,ST
10016,241,E 39TH,ST
10016,243,E 39TH,ST
10016,245,E 39TH,ST
10016,247,E 39TH,ST
10016,250,E 39TH,ST
10016,300 TO 314,E 39TH,ST
10016,330,E 39TH,ST
10016,114,E 40TH,ST
10016,140,E 40TH,ST
10016,232,E 40TH,ST
10016,242,E 40TH,ST
10016,245,E 40TH,ST
10016,300,E 40TH,ST
10016,305,E 40TH,ST
10016,100,LEXINGTON,AVE
10016,101,LEXINGTON,AVE
10016,102,LEXINGTON,AVE
10016,103,LEXINGTON,AVE
10016,104,LEXINGTON,AVE
10016,108,LEXINGTON,AVE
10016,115,LEXINGTON,AVE
10016,120,LEXINGTON,AVE
10016,122,LEXINGTON,AVE
10016,123,LEXINGTON,AVE
10016,125,LEXINGTON,AVE
10016,161,LEXINGTON,AVE
10016,171 TO 177,LEXINGTON,AVE
10016,231,LEXINGTON,AVE
10016,251,LEXINGTON,AVE
10016,264,LEXINGTON,AVE
10016,288,LEXINGTON,AVE
10016,305,LEXINGTON,AVE
10016,316,LEXINGTON,AVE
10016,329,LEXINGTON,AVE
10016,331,LEXINGTON,AVE
10016,338,LEXINGTON,AVE
10016,80 TO 88,LEXINGTON,AVE
10016,90 TO 98,LEXINGTON,AVE
10016,95,LEXINGTON,AVE
10016,97,LEXINGTON,AVE
10016,119 TO 125,MADISON,AVE
10016,128,MADISON,AVE
10016,159,MADISON,AVE
10016,160,MADISON,AVE
10016,175,MADISON,AVE
10016,177,MADISON,AVE
10016,179,MADISON,AVE
10016,220,MADISON,AVE
10016,244,MADISON,AVE
10016,66,MADISON,AVE
10016,15,PARK,AVE
10016,16,PARK,AVE
10016,17 TO 19,PARK,AVE
10016,20,PARK,AVE
10016,30,PARK,AVE
10016,4,PARK,AVE
10016,40,PARK,AVE
10016,41,PARK,AVE
10016,411 TO 413,PARK,AVE
10016,455 TO 457,PARK,AVE
10016,49,PARK,AVE
10016,7,PARK,AVE
10016,71,PARK,AVE
10016,80,PARK,AVE
